657684,1884,10,6,19
657865,1961,8,70,91
657865,1962,3,86,76
657865,1963,9,70,91
657865,1964,5,82,80
657865,1965,7,75,87
657865,1966,6,80,82
657865,1967,5,84,77
657865,1968,8,67,95
657865,1969,3,71,91
657865,1970,3,86,76
657865,1971,4,76,86
657865,1972,5,75,80
657865,1973,4,79,83
657865,1974,6,68,94
657865,1975,6,72,89
657865,1976,4,76,86
657865,1977,5,74,88
657865,1978,2,87,75
657865,1979,1,88,74
657865,1980,6,65,95
657865,1981,5,51,59
657865,1982,1,93,69
657865,1983,5,70,92
657865,1984,2,81,81
657865,1985,2,90,72
657865,1986,1,92,70
657865,1987,6,75,87
657865,1988,4,75,87
657865,1989,3,91,71
657865,1990,4,80,82
657865,1991,7,81,81
657865,1992,5,72,90
657865,1993,5,71,91
657865,1994,4,47,68
657865,1995,2,78,67
657865,1996,4,70,91
657865,1997,2,84,78
657865,1998,2,85,77
657865,1999,4,70,92
657865,2000,3,82,80
657865,2001,3,75,87
657865,2002,2,99,63
657865,2003,3,77,85
657865,2004,1,92,70
657865,2005,1,95,67
657865,2006,2,89,73
657865,2007,1,94,68
657865,2008,1,100,62
657865,2009,1,97,65
657865,2010,3,80,82
657865,2011,2,86,76
657865,2012,3,89,73
657865,2013,3,78,84
657865,2014,1,98,64
657865,2015,3,85,77
657865,2016,4,74,88
658273,1998,5,65,97
658273,1999,1,100,62
658273,2000,3,85,77
658273,2001,1,92,70
658273,2002,1,98,64
658273,2003,3,84,78
658273,2004,5,51,111
658273,2005,2,77,85
658273,2006,4,76,86
658273,2007,1,90,72
658273,2008,2,82,80
658273,2009,5,70,92
658273,2010,5,65,97
658273,2011,1,94,68
658273,2012,3,81,81
658273,2013,2,81,81
658273,2014,5,64,98
658273,2015,3,79,83
658273,2016,4,69,93
658472,1876,7,14,45
658476,1876,4,39,31
658476,1877,1,42,18
658476,1878,1,41,19
658476,1879,2,54,30
658476,1880,6,40,44
658476,1881,6,38,45
658476,1882,3,45,39
658476,1883,1,63,35
658476,1884,2,73,38
658476,1885,5,46,66
658476,1886,5,56,61
658476,1887,5,61,60
658476,1888,4,70,64
658476,1889,2,83,45
658476,1890,5,76,57
658476,1891,1,87,51
658476,1892,1,102,48
658476,1893,1,86,43
658476,1894,3,83,49
658476,1895,6,71,60
658476,1896,4,74,57
658476,1897,1,93,39
658476,1898,1,102,47
658476,1899,2,95,57
658476,1900,4,66,72
658476,1901,5,69,69
658476,1902,3,73,64
658476,1903,6,58,80
658476,1904,7,55,98
658476,1905,7,51,103
658476,1906,8,49,102
658476,1907,7,58,90
658476,1908,6,63,91
658476,1909,8,45,108
658476,1910,8,53,100
658476,1911,8,44,107
658476,1912,8,52,101
658476,1913,5,69,82
658476,1914,1,94,59
658476,1915,2,83,69
658476,1916,3,89,63
658476,1917,6,72,81
658476,1918,7,53,71
658476,1919,6,57,82
658476,1920,7,62,90
658476,1921,4,79,74
658476,1922,8,53,100
658476,1923,7,54,100
658476,1924,8,53,100
658476,1925,5,70,83
658476,1926,7,66,86
658476,1927,7,60,94
658476,1928,7,50,103
658476,1929,8,56,98
658476,1930,6,70,84
658476,1931,7,64,90
658476,1932,5,77,77
658476,1933,4,83,71
658476,1934,4,78,73
658476,1935,8,38,115
658476,1936,6,71,83
658476,1937,5,79,73
658476,1938,5,77,75
658476,1939,7,63,88
658476,1940,7,65,87
658476,1941,7,62,92
658476,1942,7,59,89
658476,1943,6,68,85
658476,1944,6,65,89
658476,1945,6,67,85
658476,1946,4,81,72
658476,1947,3,86,68
658476,1948,1,91,62
658476,1949,4,75,79
658476,1950,4,83,71
658476,1951,4,76,78
658476,1952,7,64,89
658476,1953,2,92,62
658476,1954,3,89,65
658476,1955,2,85,69
658476,1956,2,92,62
658476,1957,1,95,59
658476,1958,1,92,62
658476,1959,2,86,70
658476,1960,2,88,66
658476,1961,4,83,71
658476,1962,5,86,76
658476,1963,6,84,78
658476,1964,5,88,74
658476,1965,5,86,76
658476,1966,5,85,77
658476,1967,7,77,85
658476,1968,5,81,81
658476,1969,1,93,69
658476,1970,5,76,86
658476,1971,3,82,80
658476,1972,4,70,84
658476,1973,5,76,85
658476,1974,3,88,74
658476,1975,5,67,94
658476,1976,6,70,92
658476,1977,6,61,101
658476,1978,6,69,93
658476,1979,6,66,94
658476,1980,4,81,80
658476,1981,5,50,56
658476,1982,1,89,73
658476,1983,2,88,74
658476,1984,2,80,82
658476,1985,5,66,96
658476,1986,6,72,89
658476,1987,5,69,92
658476,1988,6,54,106
658476,1989,6,63,97
658476,1990,6,65,97
658476,1991,1,94,68
658476,1992,1,98,64
658476,1993,1,104,58
658476,1994,2,68,46
658476,1995,1,90,54
658476,1996,1,96,66
658476,1997,1,101,61
658476,1998,1,106,56
658476,1999,1,103,59
658476,2000,1,95,67
658476,2001,1,88,74
658476,2002,1,101,59
658476,2003,1,101,61
658476,2004,1,96,66
658476,2005,1,90,72
658476,2006,3,79,83
658476,2007,3,84,78
658476,2008,4,72,90
658476,2009,3,86,76
658476,2010,2,91,71
658476,2011,2,89,73
658476,2012,2,94,68
658476,2013,1,96,66
658476,2014,2,79,83
658476,2015,4,67,95
658476,2016,5,68,93
666576,1901,8,48,89
666576,1902,2,78,58
666576,1903,6,65,74
666576,1904,6,65,87
666576,1905,8,54,99
666576,1906,5,76,73
666576,1907,6,69,83
666576,1908,4,83,69
666576,1909,7,61,89
666576,1910,8,47,107
666576,1911,8,45,107
666576,1912,7,53,101
666576,1913,8,57,96
666576,1914,5,71,82
666576,1915,6,63,91
666576,1916,5,79,75
666576,1917,7,57,97
666576,1918,5,58,64
666576,1919,5,67,72
666576,1920,4,76,77
666576,1921,3,81,73
666576,1922,2,93,61
666576,1923,5,74,78
666576,1924,4,74,78
666576,1925,3,82,71
666576,1926,7,62,92
666576,1927,7,59,94
666576,1928,3,82,72
666576,1929,4,79,73
666576,1930,6,64,90
666576,1931,5,63,91
666576,1932,6,63,91
666576,1933,8,55,96
666576,1934,6,67,85
666576,1935,7,65,87
666576,1936,7,57,95
666576,1937,8,46,108
666576,1938,7,55,97
666576,1939,8,43,111
666576,1940,6,67,87
666576,1941,6,70,84
666576,1942,3,82,69
666576,1943,6,72,80
666576,1944,1,89,65
666576,1945,3,81,70
666576,1946,7,66,88
666576,1947,8,59,95
666576,1948,6,59,94
666576,1949,7,53,101
666576,1950,7,58,96
666576,1951,8,52,102
666576,1952,7,64,90
666576,1953,8,54,100
666576,1954,7,54,100
666576,1955,7,57,97
666576,1956,6,69,85
666576,1957,5,76,76
666576,1958,6,74,79
666576,1959,6,74,80
666576,1960,2,89,65
666576,1961,3,95,67
666576,1962,7,77,85
666576,1963,4,86,76
666576,1964,3,97,65
666576,1965,3,94,68
666576,1966,1,97,63
666576,1967,6,76,85
666576,1968,2,91,71
666576,1969,1,109,53
666576,1970,1,108,54
666576,1971,1,101,57
666576,1972,3,80,74
666576,1973,1,97,65
666576,1974,1,91,71
666576,1975,2,90,69
666576,1976,2,88,74
666576,1977,2,97,64
666576,1978,4,90,71
666576,1979,1,102,57
666576,1980,2,100,62
666576,1981,2,59,46
666576,1982,2,94,68
666576,1983,1,98,64
666576,1984,5,85,77
666576,1985,4,83,78
666576,1986,7,73,89
666576,1987,6,67,95
666576,1988,7,54,107
666576,1989,2,87,75
666576,1990,5,76,85
666576,1991,6,67,95
666576,1992,3,89,73
666576,1993,3,85,77
666576,1994,2,63,49
666576,1995,3,71,73
666576,1996,2,88,74
666576,1997,1,98,64
666576,1998,4,79,83
666576,1999,4,78,84
666576,2000,4,74,88
666576,2001,4,63,98
666576,2002,4,67,95
666576,2003,4,71,91
666576,2004,3,78,84
666576,2005,4,74,88
666576,2006,4,70,92
666576,2007,4,69,93
666576,2008,5,68,93
666576,2009,5,64,98
666576,2010,5,66,96
666576,2011,5,69,93
666576,2012,2,93,69
666576,2013,3,85,77
666576,2014,1,96,66
666576,2015,3,81,81
666576,2016,2,89,73
667066,1890,8,36,96
667076,1914,4,80,71
667076,1915,6,74,78
667667,1872,2,35,19
667667,1873,3,34,22
667667,1874,8,9,38
667679,1882,6,19,54
667679,1883,8,28,68
667679,1884,6,63,43
667679,1885,8,41,68
667679,1886,8,48,83
667679,1887,3,77,58
667679,1888,5,57,80
667679,1889,5,70,65
667679,1890,6,15,19
667679,1891,4,71,64
667679,1892,12,46,101
667679,1893,8,60,70
667679,1894,1,89,39
667679,1895,1,87,43
667679,1896,1,90,39
667679,1897,2,90,40
667679,1898,2,96,53
667679,1899,4,86,62
667684,1914,3,84,70
667684,1915,8,47,107
667685,1884,4,58,47
667865,1871,3,20,10
667865,1872,1,39,8
667865,1873,1,43,16
667865,1874,1,52,18
667865,1875,1,71,8
667983,1901,2,79,57
667983,1902,3,77,60
667983,1903,1,91,47
667983,1904,1,95,59
667983,1905,4,78,74
667983,1906,8,49,105
667983,1907,7,59,90
667983,1908,5,75,79
667983,1909,3,88,63
667983,1910,4,81,72
667983,1911,4,78,75
667983,1912,1,105,47
667983,1913,4,79,71
667983,1914,2,91,62
667983,1915,1,101,50
667983,1916,1,91,63
667983,1917,2,90,62
667983,1918,1,75,51
667983,1919,6,66,71
667983,1920,5,72,81
667983,1921,5,75,79
667983,1922,8,61,93
667983,1923,8,61,91
667983,1924,7,67,87
667983,1925,8,47,105
667983,1926,8,46,107
667983,1927,8,51,103
667983,1928,8,57,96
667983,1929,8,58,96
667983,1930,8,52,102
667983,1931,6,62,90
667983,1932,8,43,111
667983,1933,7,63,86
667983,1934,4,76,76
667983,1935,4,78,75
667983,1936,6,74,80
667983,1937,5,80,72
667983,1938,2,88,61
667983,1939,2,89,62
667983,1940,4,82,72
667983,1941,2,84,70
667983,1942,2,93,59
667983,1943,7,68,84
667983,1944,4,77,77
667983,1945,7,71,83
667983,1946,1,104,50
667983,1947,3,83,71
667983,1948,2,96,59
667983,1949,2,96,58
667983,1950,3,94,60
667983,1951,3,87,67
667983,1952,6,76,78
667983,1953,4,84,69
667983,1954,4,69,85
667983,1955,4,84,70
667983,1956,4,84,70
667983,1957,3,82,72
667983,1958,3,79,75
667983,1959,5,75,79
667983,1960,7,65,89
667983,1961,6,76,86
667983,1962,8,76,84
667983,1963,7,76,85
667983,1964,8,72,90
667983,1965,9,62,100
667983,1966,9,72,90
667983,1967,1,92,70
667983,1968,4,86,76
667983,1969,3,87,75
667983,1970,3,87,75
667983,1971,3,85,77
667983,1972,2,85,70
667983,1973,2,89,73
667983,1974,3,84,78
667983,1975,1,95,65
667983,1976,3,83,79
667983,1977,2,97,64
667983,1978,2,99,64
667983,1979,3,91,69
667983,1980,5,83,77
667983,1981,5,59,49
667983,1982,3,89,73
667983,1983,6,78,84
667983,1984,4,86,76
667983,1985,5,81,81
667983,1986,1,95,66
667983,1987,5,78,84
667983,1988,1,89,73
667983,1989,3,83,79
667983,1990,1,88,74
667983,1991,2,84,78
667983,1992,7,73,89
667983,1993,5,80,82
667983,1994,4,54,61
667983,1995,1,86,58
667983,1996,3,85,77
667983,1997,4,78,84
667983,1998,2,92,70
667983,1999,2,94,68
667983,2000,2,85,77
667983,2001,2,82,79
667983,2002,2,93,69
667983,2003,2,95,67
667983,2004,2,98,64
667983,2005,2,95,67
667983,2006,3,86,76
667983,2007,1,96,66
667983,2008,2,95,67
667983,2009,2,95,67
667983,2010,3,89,73
667983,2011,3,90,72
667983,2012,5,69,93
667983,2013,1,97,65
667983,2014,5,71,91
667983,2015,5,78,84
667983,2016,1,93,69
668265,1872,6,9,28
668265,1873,6,17,37
668265,1874,6,22,33
668265,1875,11,2,42
668268,1884,5,58,51
668271,1890,9,26,73
668283,1890,1,81,48
668283,1891,1,93,42
668484,1914,5,77,77
668484,1915,7,70,82
668570,1879,3,46,32
668570,1880,7,24,58
668570,1881,3,45,38
668570,1882,3,45,39
668570,1883,5,52,45
668570,1884,3,64,47
668570,1885,7,38,74
668787,1890,2,76,56
676675,1883,6,32,65
676675,1884,2,69,39
676676,1879,6,27,55
676676,1880,3,47,37
676676,1881,7,36,48
676676,1882,5,42,40
676676,1883,4,55,42
676676,1884,7,35,77
676978,1875,11,2,12
677067,1871,8,10,19
677067,1872,7,6,16
677267,1876,1,52,14
677267,1877,5,26,33
677267,1878,4,30,30
677267,1879,4,46,33
677267,1880,1,67,17
677267,1881,1,56,28
677267,1882,1,55,29
677267,1883,2,59,39
677267,1884,5,62,50
677267,1885,1,87,25
677267,1886,1,90,34
677267,1887,3,71,50
677267,1888,2,77,58
677267,1889,3,67,65
677267,1890,2,83,53
677267,1891,2,82,53
677267,1892,7,70,76
677267,1893,9,56,71
677267,1894,8,57,75
677267,1895,4,72,58
677267,1896,5,71,57
677267,1897,9,59,73
677267,1898,4,85,65
677267,1899,8,75,73
677267,1900,6,65,75
677267,1901,6,53,86
677267,1902,5,68,69
677267,1903,3,82,56
677267,1904,2,93,60
677267,1905,3,92,61
677267,1906,1,116,36
677267,1907,1,107,45
677267,1908,1,99,55
677267,1909,2,104,49
677267,1910,1,104,50
677267,1911,2,92,62
677267,1912,3,91,59
677267,1913,3,88,65
677267,1914,4,78,76
677267,1915,4,73,80
677267,1916,5,67,86
677267,1917,5,74,80
677267,1918,1,84,45
677267,1919,3,75,65
677267,1920,5,75,79
677267,1921,7,64,89
677267,1922,5,80,74
677267,1923,4,83,71
677267,1924,5,81,72
677267,1925,8,68,86
677267,1926,4,82,72
677267,1927,4,85,68
677267,1928,3,91,63
677267,1929,1,98,54
677267,1930,2,90,64
677267,1931,3,84,70
677267,1932,1,90,64
677267,1933,3,86,68
677267,1934,3,86,65
677267,1935,1,100,54
677267,1936,2,87,67
677267,1937,2,93,61
677267,1938,1,89,63
677267,1939,4,84,70
677267,1940,5,75,79
677267,1941,6,70,84
677267,1942,6,68,86
677267,1943,5,74,79
677267,1944,4,75,79
677267,1945,1,98,56
677267,1946,3,82,71
677267,1947,6,69,85
677267,1948,8,64,90
677267,1949,8,61,93
677267,1950,7,64,89
677267,1951,8,62,92
677267,1952,5,77,77
677267,1953,7,65,89
677267,1954,7,64,90
677267,1955,6,72,81
677267,1956,8,60,94
677267,1957,7,62,92
677267,1958,5,72,82
677267,1959,5,74,80
677267,1960,7,60,94
677267,1961,7,64,90
677267,1962,9,59,103
677267,1963,7,82,80
677267,1964,8,76,86
677267,1965,8,72,90
677267,1966,10,59,103
677267,1967,3,87,74
677267,1968,3,84,78
677267,1969,2,92,70
677267,1970,2,84,78
677267,1971,3,83,79
677267,1972,2,85,70
677267,1973,5,77,84
677267,1974,6,66,96
677267,1975,5,75,87
677267,1976,4,75,87
677267,1977,4,81,81
677267,1978,3,79,83
677267,1979,5,80,82
677267,1980,6,64,98
677267,1981,6,38,65
677267,1982,5,73,89
677267,1983,5,71,91
677267,1984,1,96,65
677267,1985,4,77,84
677267,1986,5,70,90
677267,1987,6,76,85
677267,1988,4,77,85
677267,1989,1,93,69
677267,1990,4,77,85
677267,1991,4,77,83
677267,1992,4,78,84
677267,1993,4,84,78
677267,1994,5,49,64
677267,1995,3,73,71
677267,1996,4,76,86
677267,1997,5,68,94
677267,1998,2,90,73
677267,1999,6,67,95
677267,2000,6,65,97
677267,2001,3,88,74
677267,2002,5,67,95
677267,2003,1,88,74
677267,2004,3,89,73
677267,2005,4,79,83
677267,2006,6,66,96
677267,2007,1,85,77
677267,2008,1,97,64
677267,2009,2,83,78
677267,2010,5,75,87
677267,2011,5,71,91
677267,2012,5,61,101
677267,2013,5,66,96
677267,2014,5,73,89
677267,2015,3,97,65
677267,2016,1,103,58
677272,1914,2,87,67
677272,1915,2,86,66
677280,1890,4,75,62
677287,1901,1,83,53
677287,1902,4,74,60
677287,1903,7,60,77
677287,1904,3,89,65
677287,1905,2,92,60
677287,1906,1,93,58
677287,1907,3,87,64
677287,1908,3,88,64
677287,1909,4,78,74
677287,1910,6,68,85
677287,1911,5,77,74
677287,1912,4,78,76
677287,1913,5,78,74
677287,1914,6,70,84
677287,1915,3,93,61
677287,1916,2,89,65
677287,1917,1,100,54
677287,1918,6,57,67
677287,1919,1,88,52
677287,1920,2,96,58
677287,1921,7,62,92
677287,1922,5,77,77
677287,1923,7,69,85
677287,1924,8,66,87
677287,1925,5,79,75
677287,1926,5,81,72
677287,1927,5,70,83
677287,1928,5,72,82
677287,1929,7,59,93
677287,1930,7,62,92
677287,1931,8,56,97
677287,1932,7,49,102
677287,1933,6,67,83
677287,1934,8,53,99
677287,1935,5,74,78
677287,1936,4,81,70
677287,1937,3,86,68
677287,1938,6,65,83
677287,1939,4,85,69
677287,1940,4,82,72
677287,1941,3,77,77
677287,1942,6,66,82
677287,1943,4,82,72
677287,1944,7,71,83
677287,1945,6,71,78
677287,1946,5,74,80
677287,1947,6,70,84
677287,1948,8,51,101
677287,1949,6,63,91
677287,1950,6,60,94
677287,1951,4,81,73
677287,1952,3,81,73
677287,1953,3,89,65
677287,1954,3,94,60
677287,1955,3,91,63
677287,1956,3,85,69
677287,1957,2,90,64
677287,1958,2,82,72
677287,1959,1,94,60
677287,1960,3,87,67
677287,1961,4,86,76
677287,1962,5,85,77
677287,1963,2,94,68
677287,1964,2,98,64
677287,1965,2,95,67
677287,1966,4,83,79
677287,1967,4,89,73
677287,1968,8,67,95
677287,1969,5,68,94
677287,1970,6,56,106
677287,1971,3,79,83
677287,1972,2,87,67
677287,1973,5,77,85
677287,1974,4,80,80
677287,1975,5,75,86
677287,1976,6,64,97
677287,1977,3,90,72
677287,1978,5,71,90
677287,1979,5,73,87
677287,1980,5,70,90
677287,1981,3,54,52
677287,1982,3,87,75
677287,1983,1,99,63
677287,1984,5,74,88
677287,1985,3,85,77
677287,1986,5,72,90
677287,1987,5,77,85
677287,1988,5,71,90
677287,1989,7,69,92
677287,1990,2,94,68
677287,1991,2,87,75
677287,1992,3,86,76
677287,1993,1,94,68
677287,1994,1,67,46
677287,1995,3,68,76
677287,1996,2,85,77
677287,1997,2,80,81
677287,1998,2,80,82
677287,1999,2,75,86
677287,2000,1,95,67
677287,2001,3,83,79
677287,2002,2,81,81
677287,2003,2,86,76
677287,2004,2,83,79
677287,2005,1,99,63
677287,2006,3,90,72
677287,2007,4,72,90
677287,2008,1,89,74
677287,2009,3,79,83
677287,2010,2,88,74
677287,2011,3,79,83
677287,2012,2,85,77
677287,2013,5,63,99
677287,2014,4,73,89
677287,2015,4,76,86
677287,2016,4,78,84
677378,1882,1,55,25
677378,1883,3,61,37
677378,1884,5,68,41
677378,1885,2,63,49
677378,1886,5,65,73
677378,1887,2,81,54
677378,1888,4,80,54
677378,1889,4,76,63
677378,1890,4,77,55
677378,1891,7,56,81
677378,1892,5,82,68
677378,1893,6,65,63
677378,1894,10,55,75
677378,1895,8,66,64
677378,1896,3,77,50
677378,1897,4,76,56
677378,1898,3,92,60
677378,1899,6,83,67
677378,1900,7,62,77
677378,1901,8,52,87
677378,1902,4,70,70
677378,1903,4,74,65
677378,1904,3,88,65
677378,1905,5,79,74
677378,1906,6,64,87
677378,1907,6,66,87
677378,1908,5,73,81
677378,1909,4,77,76
677378,1910,5,75,79
677378,1911,6,70,83
677378,1912,4,75,78
677378,1913,7,64,89
677378,1914,8,60,94
677378,1915,7,71,83
677378,1916,7,60,93
677378,1917,4,78,76
677378,1918,3,68,60
677378,1919,1,96,44
677378,1920,3,82,71
677378,1921,6,70,83
677378,1922,2,86,68
677378,1923,2,91,63
677378,1924,4,83,70
677378,1925,3,80,73
677378,1926,2,87,67
677378,1927,5,75,78
677378,1928,5,78,74
677378,1929,7,66,88
677378,1930,7,59,95
677378,1931,8,58,96
677378,1932,8,60,94
677378,1933,8,58,94
677378,1934,8,52,99
677378,1935,6,68,85
677378,1936,5,74,80
677378,1937,8,56,98
677378,1938,4,82,68
677378,1939,1,97,57
677378,1940,1,100,53
677378,1941,3,88,66
677378,1942,4,76,76
677378,1943,2,87,67
677378,1944,3,89,65
677378,1945,7,61,93
677378,1946,6,67,87
677378,1947,5,73,81
677378,1948,7,64,89
677378,1949,7,62,92
677378,1950,6,66,87
677378,1951,6,68,86
677378,1952,6,69,85
677378,1953,6,68,86
677378,1954,5,74,80
677378,1955,5,75,79
677378,1956,3,91,63
677378,1957,4,80,74
677378,1958,4,76,78
677378,1959,5,74,80
677378,1960,6,67,87
677378,1961,1,93,61
677378,1962,3,98,64
677378,1963,5,86,76
677378,1964,2,92,70
677378,1965,4,89,73
677378,1966,7,76,84
677378,1967,4,87,75
677378,1968,4,83,79
677378,1969,3,89,73
677378,1970,1,102,60
677378,1971,4,79,83
677378,1972,1,95,59
677378,1973,1,99,63
677378,1974,2,98,64
677378,1975,1,108,54
677378,1976,1,102,60
677378,1977,2,88,74
677378,1978,2,92,69
677378,1979,1,90,71
677378,1980,3,89,73
677378,1981,1,66,42
677378,1982,6,61,101
677378,1983,6,74,88
677378,1984,5,70,92
677378,1985,2,89,72
677378,1986,2,86,76
677378,1987,2,84,78
677378,1988,2,87,74
677378,1989,5,75,87
677378,1990,1,91,71
677378,1991,5,74,88
677378,1992,2,90,72
677378,1993,5,73,89
677378,1994,1,66,48
677378,1995,1,85,59
677378,1996,3,81,81
677378,1997,3,76,86
677378,1998,4,77,85
677378,1999,2,96,67
677378,2000,2,85,77
677378,2001,5,66,96
677378,2002,3,78,84
677378,2003,5,69,93
677378,2004,4,76,86
677378,2005,5,73,89
677378,2006,3,80,82
677378,2007,5,72,90
677378,2008,5,74,88
677378,2009,4,78,84
677378,2010,1,91,71
677378,2011,3,79,83
677378,2012,1,97,65
677378,2013,3,90,72
677378,2014,4,76,86
677378,2015,5,64,98
677378,2016,5,68,94
677575,1891,7,43,57
677669,1901,7,54,82
677669,1902,5,69,67
677669,1903,3,77,63
677669,1904,4,86,65
677669,1905,5,76,78
677669,1906,3,89,64
677669,1907,4,85,67
677669,1908,2,90,64
677669,1909,6,71,82
677669,1910,5,71,81
677669,1911,3,80,73
677669,1912,5,75,78
677669,1913,3,86,66
677669,1914,8,51,102
677669,1915,7,57,95
677669,1916,6,77,77
677669,1917,3,88,66
677669,1918,2,73,54
677669,1919,2,84,55
677669,1920,1,98,56
677669,1921,2,94,60
677669,1922,4,78,76
677669,1923,3,82,71
677669,1924,6,67,86
677669,1925,6,70,84
677669,1926,2,88,66
677669,1927,6,66,87
677669,1928,7,62,92
677669,1929,3,81,71
677669,1930,4,81,73
677669,1931,4,78,76
677669,1932,4,87,65
677669,1933,4,75,76
677669,1934,3,85,69
677669,1935,3,82,71
677669,1936,5,80,74
677669,1937,4,83,71
677669,1938,3,86,66
677669,1939,3,87,67
677669,1940,2,89,65
677669,1941,4,75,79
677669,1942,4,75,79
677669,1943,3,82,71
677669,1944,5,72,82
677669,1945,5,73,72
677669,1946,6,68,86
677669,1947,4,80,74
677669,1948,1,97,58
677669,1949,3,89,65
677669,1950,4,92,62
677669,1951,2,93,61
677669,1952,2,93,61
677669,1953,2,92,62
677669,1954,1,111,43
677669,1955,2,93,61
677669,1956,2,88,66
677669,1957,6,76,77
677669,1958,4,77,76
677669,1959,2,89,65
677669,1960,4,76,78
677669,1961,5,78,83
677669,1962,6,80,82
677669,1963,5,79,83
677669,1964,6,79,83
677669,1965,5,87,75
677669,1966,5,81,81
677669,1967,8,75,87
677669,1968,3,86,75
677669,1969,6,62,99
677669,1970,5,76,86
677669,1971,6,60,102
677669,1972,5,72,84
677669,1973,6,71,91
677669,1974,4,77,85
677669,1975,4,79,80
677669,1976,4,81,78
677669,1977,5,71,90
677669,1978,6,69,90
677669,1979,6,81,80
677669,1980,6,79,81
677669,1981,6,52,51
677669,1982,6,78,84
677669,1983,7,70,92
677669,1984,6,75,87
677669,1985,7,60,102
677669,1986,5,84,78
677669,1987,7,61,101
677669,1988,6,78,84
677669,1989,6,73,89
677669,1990,4,77,85
677669,1991,7,57,105
677669,1992,4,76,86
677669,1993,6,76,86
677669,1994,2,66,47
677669,1995,1,100,44
677669,1996,1,99,62
677669,1997,1,86,75
677669,1998,1,89,73
677669,1999,1,97,65
677669,2000,2,90,72
677669,2001,1,91,71
677669,2002,3,74,88
677669,2003,4,68,94
677669,2004,3,80,82
677669,2005,2,93,69
677669,2006,4,78,84
677669,2007,1,96,66
677669,2008,3,81,81
677669,2009,4,65,97
677669,2010,4,69,93
677669,2011,2,80,82
677669,2012,4,68,94
677669,2013,2,92,70
677669,2014,3,85,77
677669,2015,3,81,80
677669,2016,1,94,67
677673,1890,7,55,75
677683,1889,6,60,78
677683,1890,2,79,55
677683,1891,6,61,76
677686,1887,8,39,92
677686,1888,6,50,82
677686,1889,6,61,72
677686,1890,7,44,88
677686,1891,5,65,74
677686,1892,2,93,56
677686,1893,3,73,55
677686,1894,6,68,61
677686,1895,2,84,46
677686,1896,2,80,48
677686,1897,5,69,62
677686,1898,5,81,68
677686,1899,12,20,134
677865,1871,2,19,9
677865,1874,5,28,31
677865,1875,6,30,37
677882,1876,8,9,56
677882,1877,6,15,42
677882,1878,2,37,23
677882,1879,5,43,37
677882,1880,8,21,59
677976,1993,6,67,95
677976,1994,3,53,64
677976,1995,2,77,67
677976,1996,3,83,79
677976,1997,3,83,79
677976,1998,4,77,85
677976,1999,5,72,90
677976,2000,4,82,80
677976,2001,5,73,89
677976,2002,4,73,89
677976,2003,4,74,88
677976,2004,4,68,94
677976,2005,5,67,95
677976,2006,4,76,86
677976,2007,2,90,73
677976,2008,3,74,88
677976,2009,2,92,70
677976,2010,3,83,79
677976,2011,4,73,89
677976,2012,5,64,98
677976,2013,5,74,88
677976,2014,4,66,96
677976,2015,5,68,94
677976,2016,3,75,87
677982,1884,3,69,36
678073,1884,6,41,50
686984,1901,3,74,61
686984,1902,7,52,83
686984,1903,5,65,71
686984,1904,7,62,90
686984,1905,3,79,74
686984,1906,6,71,78
686984,1907,1,92,58
686984,1908,1,90,63
686984,1909,1,98,54
686984,1910,3,86,68
686984,1911,2,89,65
686984,1912,6,69,84
686984,1913,6,66,87
686984,1914,4,80,73
686984,1915,2,100,54
686984,1916,3,87,67
686984,1917,4,78,75
686984,1918,7,55,71
686984,1919,4,80,60
686984,1920,7,61,93
686984,1921,6,71,82
686984,1922,3,79,75
686984,1923,2,83,71
686984,1924,3,86,68
686984,1925,4,81,73
686984,1926,6,79,75
686984,1927,4,82,71
686984,1928,6,68,86
686984,1929,6,70,84
686984,1930,5,75,79
686984,1931,7,61,93
686984,1932,5,76,75
686984,1933,5,75,79
686984,1934,1,101,53
686984,1935,1,93,58
686984,1936,2,83,71
686984,1937,2,89,65
686984,1938,4,84,70
686984,1939,5,81,73
686984,1940,1,90,64
686984,1941,4,75,79
686984,1942,5,73,81
686984,1943,5,78,76
686984,1944,2,88,66
686984,1945,1,88,65
686984,1946,2,92,62
686984,1947,2,85,69
686984,1948,5,78,76
686984,1949,4,87,67
686984,1950,2,95,59
686984,1951,5,73,81
686984,1952,8,50,104
686984,1953,6,60,94
686984,1954,5,68,86
686984,1955,5,79,75
686984,1956,5,82,72
686984,1957,4,78,76
686984,1958,5,77,77
686984,1959,4,76,78
686984,1960,6,71,83
686984,1961,2,101,61
686984,1962,4,85,76
686984,1963,5,79,83
686984,1964,4,85,77
686984,1965,4,89,73
686984,1966,3,88,74
686984,1967,2,91,71
686984,1968,1,103,59
686984,1969,2,90,72
686984,1970,4,79,83
686984,1971,2,91,71
686984,1972,1,86,70
686984,1973,3,85,77
686984,1974,6,72,90
686984,1975,6,57,102
686984,1976,5,74,87
686984,1977,4,74,88
686984,1978,5,86,76
686984,1979,5,85,76
686984,1980,4,84,78
686984,1981,3,60,49
686984,1982,4,83,79
686984,1983,2,92,70
686984,1984,1,104,58
686984,1985,3,84,77
686984,1986,3,87,75
686984,1987,1,98,64
686984,1988,2,88,74
686984,1989,7,59,103
686984,1990,3,79,83
686984,1991,2,84,78
686984,1992,6,75,87
686984,1993,3,85,77
686984,1994,5,53,62
686984,1995,4,60,84
686984,1996,5,53,109
686984,1997,3,79,83
686984,1998,5,65,97
686984,1999,3,69,92
686984,2000,3,79,83
686984,2001,4,66,96
686984,2002,5,55,106
686984,2003,5,43,119
686984,2004,4,72,90
686984,2005,4,71,91
686984,2006,2,95,67
686984,2007,2,88,74
686984,2008,5,74,88
686984,2009,2,86,77
686984,2010,3,81,81
686984,2011,1,95,67
686984,2012,1,88,74
686984,2013,1,93,69
686984,2014,1,90,72
686984,2015,5,74,87
686984,2016,2,86,75
688478,1881,4,41,43
688478,1882,5,42,41
688478,1883,7,40,58
688478,1884,8,28,84
688478,1885,6,41,67
688478,1886,2,87,36
688478,1887,1,79,45
688478,1888,5,68,63
696775,1872,9,3,26
707665,1993,6,64,98
707665,1994,5,51,64
707665,1995,4,67,76
707665,1996,3,80,82
707665,1997,2,92,70
707665,1998,5,54,108
707665,1999,5,64,98
707665,2000,3,79,82
707665,2001,4,76,86
707665,2002,4,79,83
707665,2003,2,91,71
707665,2004,3,83,79
707665,2005,3,83,79
707665,2006,4,78,84
707665,2007,5,71,91
707665,2008,3,84,77
707665,2009,2,87,75
707665,2010,3,80,82
707665,2011,5,72,90
707665,2012,5,69,93
707665,2013,5,62,100
707665,2014,4,77,85
707665,2015,3,71,91
707665,2016,3,79,82
726582,1876,2,47,21
726582,1877,3,31,27
727865,1874,7,16,37
727865,1875,3,54,28
727985,1962,8,64,96
727985,1963,9,66,96
727985,1964,9,66,96
727985,1965,9,65,97
727985,1966,8,72,90
727985,1967,9,69,93
727985,1968,10,72,90
727985,1969,5,81,81
727985,1970,4,79,83
727985,1971,4,79,83
727985,1972,3,84,69
727985,1973,4,82,80
727985,1974,4,81,81
727985,1975,6,64,97
727985,1976,3,80,82
727985,1977,3,81,81
727985,1978,5,74,88
727985,1979,2,89,73
727985,1980,1,93,70
727985,1981,3,61,49
727985,1982,5,77,85
727985,1983,3,85,77
727985,1984,2,80,82
727985,1985,3,83,79
727985,1986,1,96,66
727985,1987,3,76,86
727985,1988,5,82,80
727985,1989,3,86,76
727985,1990,4,75,87
727985,1991,6,65,97
727985,1992,4,81,81
727985,1993,3,85,77
727985,1994,2,66,49
727985,1995,2,76,68
727985,1996,2,82,80
727985,1997,1,84,78
727985,1998,1,102,60
727985,1999,1,97,65
727985,2000,4,72,90
727985,2001,1,93,69
727985,2002,2,84,78
727985,2003,2,87,75
727985,2004,2,92,70
727985,2005,2,89,73
727985,2006,2,82,80
727985,2007,4,73,89
727985,2008,3,86,75
727985,2009,5,74,88
727985,2010,4,76,86
727985,2011,6,56,106
727985,2012,6,55,107
727985,2013,5,51,111
727985,2014,4,70,92
727985,2015,2,86,76
727985,2016,3,84,78
736676,1878,5,24,36
737279,1884,12,29,78
737868,1887,8,37,89
737868,1888,7,50,85
737868,1889,7,59,75
756767,1888,8,43,89
756767,1889,7,55,82
756778,1886,7,30,91
756780,1914,6,67,84
756780,1915,4,81,72
756782,1969,4,69,93
756782,1970,4,65,97
756782,1971,2,85,76
756782,1972,4,76,78
756782,1973,2,88,74
756782,1974,5,77,85
756782,1975,2,91,71
756782,1976,1,90,72
756782,1977,1,102,60
756782,1978,1,92,70
756782,1979,2,85,77
756782,1980,1,97,65
756782,1981,4,50,53
756782,1982,2,90,72
756782,1983,2,79,83
756782,1984,1,84,78
756782,1985,1,91,71
756782,1986,3,76,86
756782,1987,2,83,79
756782,1988,3,84,77
756782,1989,2,92,70
756782,1990,6,75,86
756782,1991,6,82,80
756782,1992,5,72,90
756782,1993,3,84,78
756782,1994,3,64,51
756782,1995,2,70,74
756782,1996,5,75,86
756782,1997,5,67,94
756782,1998,3,72,89
756782,1999,4,64,97
756782,2000,4,77,85
756782,2001,5,65,97
756782,2002,4,62,100
756782,2003,3,83,79
756782,2004,5,58,104
756782,2005,5,56,106
756782,2006,5,62,100
756782,2007,5,69,93
756782,2008,4,75,87
756782,2009,4,65,97
756782,2010,5,67,95
756782,2011,4,71,91
756782,2012,3,72,90
756782,2013,3,86,76
756782,2014,2,89,73
756782,2015,1,95,67
756782,2016,3,81,81
756785,1884,11,16,63
756975,1871,7,7,12
766568,1884,9,40,64
766568,1885,5,53,59
766568,1886,3,76,61
766568,1887,6,60,74
766568,1888,2,88,52
766568,1889,1,93,44
766568,1890,1,86,43
766568,1891,6,61,76
766568,1892,3,95,59
766568,1893,7,65,63
766568,1894,5,70,61
766568,1895,5,71,60
766568,1896,10,58,73
766568,1897,7,61,71
766568,1898,10,54,91
766568,1899,1,101,47
766568,1900,1,82,54
766568,1901,3,79,57
766568,1902,2,75,63
766568,1903,5,70,66
766568,1904,6,56,97
766568,1905,8,48,104
766568,1906,5,66,86
766568,1907,5,65,83
766568,1908,7,53,101
766568,1909,6,55,98
766568,1910,6,64,90
766568,1911,7,64,86
766568,1912,7,58,95
766568,1913,6,65,84
766568,1914,5,75,79
766568,1915,3,80,72
766568,1916,1,94,60
766568,1917,7,70,81
766568,1918,5,57,69
766568,1919,5,69,71
766568,1920,1,93,61
766568,1921,5,77,75
766568,1922,6,76,78
766568,1923,6,76,78
766568,1924,2,92,62
766568,1925,6,68,85
766568,1926,6,71,82
766568,1927,6,65,88
766568,1928,6,77,76
766568,1929,6,70,83
766568,1930,4,86,68
766568,1931,4,79,73
766568,1932,3,81,73
766568,1933,6,65,88
766568,1934,6,71,81
766568,1935,5,70,83
766568,1936,7,67,87
766568,1937,6,62,91
766568,1938,7,69,80
766568,1939,3,84,69
766568,1940,2,88,65
766568,1941,1,100,54
766568,1942,2,104,50
766568,1943,3,81,72
766568,1944,7,63,91
766568,1945,3,87,67
766568,1946,2,96,60
766568,1947,1,94,60
766568,1948,3,84,70
766568,1949,1,97,57
766568,1950,2,89,65
766568,1951,2,97,60
766568,1952,1,96,57
766568,1953,1,105,49
766568,1954,2,92,62
766568,1955,1,98,55
766568,1956,1,93,61
766568,1957,3,84,70
766568,1958,7,71,83
766568,1959,1,88,68
766568,1960,4,82,72
766568,1961,2,89,65
766568,1962,2,102,63
766568,1963,1,99,63
766568,1964,6,80,82
766568,1965,1,97,65
766568,1966,1,95,67
766568,1967,8,73,89
766568,1968,7,76,86
766568,1969,4,85,77
766568,1970,2,87,74
766568,1971,2,89,73
766568,1972,2,85,70
766568,1973,2,95,66
766568,1974,1,102,60
766568,1975,2,88,74
766568,1976,2,92,70
766568,1977,1,98,64
766568,1978,1,95,67
766568,1979,3,79,83
766568,1980,2,92,71
766568,1981,2,63,47
766568,1982,2,88,74
766568,1983,1,91,71
766568,1984,4,79,83
766568,1985,1,95,67
766568,1986,5,73,89
766568,1987,4,73,89
766568,1988,1,94,67
766568,1989,4,77,83
766568,1990,2,86,76
766568,1991,2,93,69
766568,1992,6,63,99
766568,1993,4,81,81
766568,1994,1,58,56
766568,1995,1,78,66
766568,1996,2,90,72
766568,1997,2,88,74
766568,1998,3,83,79
766568,1999,3,77,85
766568,2000,2,86,76
766568,2001,3,86,76
766568,2002,3,92,70
766568,2003,2,85,77
766568,2004,1,93,69
766568,2005,4,71,91
766568,2006,2,88,74
766568,2007,4,82,80
766568,2008,1,84,78
766568,2009,1,95,67
766568,2010,4,80,82
766568,2011,3,82,79
766568,2012,2,86,76
766568,2013,1,92,70
766568,2014,1,94,68
766568,2015,1,92,70
766568,2016,1,91,71
767182,1876,5,30,36
767182,1877,2,35,25
767985,1882,2,42,38
767985,1883,5,52,45
767985,1884,3,68,40
767985,1885,6,53,59
767985,1886,4,66,70
767985,1887,4,76,60
767985,1888,7,48,87
767985,1889,8,27,111
767985,1890,1,88,44
767985,1891,8,54,83
767985,1892,9,63,89
767985,1893,11,50,75
767985,1894,12,36,94
767985,1895,12,35,96
767985,1896,12,38,93
767985,1897,11,52,78
767985,1898,9,70,81
767985,1899,9,75,77
776578,1872,8,5,19
776582,1873,9,0,6
777376,1969,6,64,98
777376,1970,4,65,97
777376,1971,6,69,92
777376,1972,6,65,91
777376,1973,5,74,88
777376,1974,5,76,86
777376,1975,5,68,94
777376,1976,6,66,95
777376,1977,6,67,95
777376,1978,3,93,69
777376,1979,2,95,66
777376,1980,3,86,76
777376,1981,1,62,47
777376,1982,1,95,67
777376,1983,5,87,75
777376,1984,7,67,94
777376,1985,6,71,90
777376,1986,6,77,84
777376,1987,3,91,71
777376,1988,3,87,75
777376,1989,4,81,81
777376,1990,6,74,88
777376,1991,4,83,79
777376,1992,2,92,70
777376,1993,7,69,93
777376,1994,5,53,62
777376,1995,4,65,79
777376,1996,3,80,82
777376,1997,3,78,83
777376,1998,5,74,88
777376,1999,5,74,87
777376,2000,3,73,89
777376,2001,4,68,94
777376,2002,6,56,106
777376,2003,6,68,94
777376,2004,6,67,94
777376,2005,3,81,81
777376,2006,4,75,87
777376,2007,2,83,79
777376,2008,2,90,72
777376,2009,3,80,82
777376,2010,3,77,85
777376,2011,1,96,66
777376,2012,3,83,79
777376,2013,4,74,88
777376,2014,3,82,80
777376,2015,4,68,94
777376,2016,4,73,89
777378,1901,6,61,72
777378,1902,6,61,75
777378,1903,8,43,94
777378,1904,8,38,113
777378,1905,7,64,87
777378,1906,7,55,95
777378,1907,8,49,102
777378,1908,7,67,85
777378,1909,8,42,110
777378,1910,7,66,85
777378,1911,7,64,90
777378,1912,2,91,61
777378,1913,2,90,64
777378,1914,3,81,73
777378,1915,4,85,68
777378,1916,7,76,77
777378,1917,5,74,79
777378,1918,3,72,56
777378,1919,7,56,84
777378,1920,6,68,84
777378,1921,4,80,73
777378,1922,6,69,85
777378,1923,4,75,78
777378,1924,1,92,62
777378,1925,1,96,55
777378,1926,4,81,69
777378,1927,3,85,69
777378,1928,4,75,79
777378,1929,5,71,81
777378,1930,2,94,60
777378,1931,3,92,62
777378,1932,3,93,61
777378,1933,1,99,53
777378,1934,7,66,86
777378,1935,6,67,86
777378,1936,3,82,71
777378,1937,6,73,80
777378,1938,5,75,76
777378,1939,6,65,87
777378,1940,7,64,90
777378,1941,6,70,84
777378,1942,7,62,89
777378,1943,2,84,69
777378,1944,8,64,90
777378,1945,2,87,67
777378,1946,4,76,78
777378,1947,7,64,90
777378,1948,7,56,97
777378,1949,8,50,104
777378,1950,5,67,87
777378,1951,7,62,92
777378,1952,5,78,76
777378,1953,5,76,76
777378,1954,6,66,88
777378,1955,8,53,101
777378,1956,7,59,95
777378,1957,8,55,99
777378,1958,8,61,93
777378,1959,8,63,91
777378,1960,5,73,81
777378,1961,7,70,90
777378,1962,2,91,71
777378,1963,3,91,70
777378,1964,6,79,83
777378,1965,1,102,60
777378,1966,2,89,73
777378,1967,2,91,71
777378,1968,7,79,83
777378,1969,1,97,65
777378,1970,1,98,64
777378,1971,5,74,86
777378,1972,3,77,77
777378,1973,3,81,81
777378,1974,3,82,80
777378,1975,4,76,83
777378,1976,3,85,77
777378,1977,4,84,77
777378,1978,4,73,89
777378,1979,4,82,80
777378,1980,3,77,84
777378,1981,7,41,68
777378,1982,7,60,102
777378,1983,5,70,92
777378,1984,2,81,81
777378,1985,4,77,85
777378,1986,6,71,91
777378,1987,1,85,77
777378,1988,2,91,71
777378,1989,5,80,82
777378,1990,7,74,88
777378,1991,1,95,67
777378,1992,2,90,72
777378,1993,5,71,91
777378,1994,4,53,60
777378,1995,5,56,88
777378,1996,4,78,84
777378,1997,4,68,94
777378,1998,4,70,92
777378,1999,5,63,97
777378,2000,5,69,93
777378,2001,2,85,77
777378,2002,1,94,67
777378,2003,1,90,72
777378,2004,1,92,70
777378,2005,3,83,79
777378,2006,1,96,66
777378,2007,3,79,83
777378,2008,2,88,75
777378,2009,1,87,76
777378,2010,1,94,68
777378,2011,5,63,99
777378,2012,5,66,96
777378,2013,4,66,96
777378,2014,5,70,92
777378,2015,2,83,79
777378,2016,5,59,103
777665,1891,3,21,15
777671,1878,6,15,45
777685,1884,2,8,4
786584,1872,11,0,11
786987,1914,1,88,65
786987,1915,5,80,72
787286,1875,8,7,40
787865,1871,5,16,17
787865,1872,3,34,20
787865,1873,4,29,24
787865,1874,2,42,23
787865,1875,6,30,38
788973,1890,3,74,57
788977,1962,10,40,120
788977,1963,10,51,111
788977,1964,10,53,109
788977,1965,10,50,112
788977,1966,9,66,95
788977,1967,10,61,101
788977,1968,9,73,89
788977,1969,1,100,62
788977,1970,3,83,79
788977,1971,3,83,79
788977,1972,3,83,73
788977,1973,1,82,79
788977,1974,5,71,91
788977,1975,3,82,80
788977,1976,3,86,76
788977,1977,6,64,98
788977,1978,6,66,96
788977,1979,6,63,99
788977,1980,5,67,95
788977,1981,5,41,62
788977,1982,6,65,97
788977,1983,6,68,94
788977,1984,2,90,72
788977,1985,2,98,64
788977,1986,1,108,54
788977,1987,2,92,70
788977,1988,1,100,60
788977,1989,2,87,75
788977,1990,2,91,71
788977,1991,5,77,84
788977,1992,5,72,90
788977,1993,7,59,103
788977,1994,3,55,58
788977,1995,2,69,75
788977,1996,4,71,91
788977,1997,3,88,74
788977,1998,2,88,74
788977,1999,2,97,66
788977,2000,2,94,68
788977,2001,3,82,80
788977,2002,5,75,86
788977,2003,5,66,95
788977,2004,4,71,91
788977,2005,3,83,79
788977,2006,1,97,65
788977,2007,2,88,74
788977,2008,2,89,73
788977,2009,4,70,92
788977,2010,4,79,83
788977,2011,4,77,85
788977,2012,4,74,88
788977,2013,4,74,88
788977,2014,3,79,83
788977,2015,1,90,72
788977,2016,2,87,75
788980,1883,4,54,42
788980,1884,1,75,32
788980,1885,7,44,64
788980,1886,7,53,82
788980,1887,7,44,89
788985,1876,6,21,35
788989,1901,5,68,65
788989,1902,8,50,88
788989,1903,4,72,62
788989,1904,2,92,59
788989,1905,6,71,78
788989,1906,2,90,61
788989,1907,5,70,78
788989,1908,8,51,103
788989,1909,5,74,77
788989,1910,2,88,63
788989,1911,6,76,76
788989,1912,8,50,102
788989,1913,7,57,94
788989,1914,6,70,84
788989,1915,5,69,83
788989,1916,4,80,74
788989,1917,6,71,82
788989,1918,4,60,63
788989,1919,3,80,59
788989,1920,3,95,59
788989,1921,1,98,55
788989,1922,1,94,60
788989,1923,1,98,54
788989,1924,2,89,63
788989,1925,7,69,85
788989,1926,1,91,63
788989,1927,1,110,44
788989,1928,1,101,53
788989,1929,2,88,66
788989,1930,3,86,68
788989,1931,2,94,59
788989,1932,1,107,47
788989,1933,2,91,59
788989,1934,2,94,60
788989,1935,2,89,60
788989,1936,1,102,51
788989,1937,1,102,52
788989,1938,1,99,53
788989,1939,1,106,45
788989,1940,3,88,66
788989,1941,1,101,53
788989,1942,1,103,51
788989,1943,1,98,56
788989,1944,3,83,71
788989,1945,4,81,71
788989,1946,3,87,67
788989,1947,1,97,57
788989,1948,3,94,60
788989,1949,1,97,57
788989,1950,1,98,56
788989,1951,1,98,56
788989,1952,1,95,59
788989,1953,1,99,52
788989,1954,2,103,51
788989,1955,1,96,58
788989,1956,1,97,57
788989,1957,1,98,56
788989,1958,1,92,62
788989,1959,3,79,75
788989,1960,1,97,57
788989,1961,1,109,53
788989,1962,1,96,66
788989,1963,1,104,57
788989,1964,1,99,63
788989,1965,6,77,85
788989,1966,10,70,89
788989,1967,9,72,90
788989,1968,5,83,79
788989,1969,5,80,81
788989,1970,2,93,69
788989,1971,4,82,80
788989,1972,4,79,76
788989,1973,4,80,82
788989,1974,2,89,73
788989,1975,3,83,77
788989,1976,1,97,62
788989,1977,1,100,62
788989,1978,1,100,63
788989,1979,4,89,71
788989,1980,1,103,59
788989,1981,4,59,48
788989,1982,5,79,83
788989,1983,3,91,71
788989,1984,3,87,75
788989,1985,2,97,64
788989,1986,2,90,72
788989,1987,4,89,73
788989,1988,5,85,76
788989,1989,5,74,87
788989,1990,7,67,95
788989,1991,5,71,91
788989,1992,4,76,86
788989,1993,2,88,74
788989,1994,1,70,43
788989,1995,2,79,65
788989,1996,1,92,70
788989,1997,2,96,66
788989,1998,1,114,48
788989,1999,1,98,64
788989,2000,1,87,74
788989,2001,1,95,65
788989,2002,1,103,58
788989,2003,1,101,61
788989,2004,1,101,61
788989,2005,1,95,67
788989,2006,1,97,65
788989,2007,2,94,68
788989,2008,3,89,73
788989,2009,1,103,59
788989,2010,2,95,67
788989,2011,1,97,65
788989,2012,1,95,67
788989,2013,4,85,77
788989,2014,2,84,78
788989,2015,2,87,75
788989,2016,4,84,78
796575,1901,4,74,62
796575,1902,1,83,53
796575,1903,2,75,60
796575,1904,5,81,70
796575,1905,1,92,56
796575,1906,4,78,67
796575,1907,2,88,57
796575,1908,6,68,85
796575,1909,2,95,58
796575,1910,1,102,48
796575,1911,1,101,50
796575,1912,3,90,62
796575,1913,1,96,57
796575,1914,1,99,53
796575,1915,8,43,109
796575,1916,8,36,117
796575,1917,8,55,98
796575,1918,8,52,76
796575,1919,8,36,104
796575,1920,8,48,106
796575,1921,8,53,100
796575,1922,7,65,89
796575,1923,6,69,83
796575,1924,5,71,81
796575,1925,2,88,64
796575,1926,3,83,67
796575,1927,2,91,63
796575,1928,2,98,55
796575,1929,1,104,46
796575,1930,1,102,52
796575,1931,1,107,45
796575,1932,2,94,60
796575,1933,3,79,72
796575,1934,5,68,82
796575,1935,8,58,91
796575,1936,8,53,100
796575,1937,7,54,97
796575,1938,8,53,99
796575,1939,7,55,97
796575,1940,8,54,100
796575,1941,8,64,90
796575,1942,8,55,99
796575,1943,8,49,105
796575,1944,5,72,82
796575,1945,8,52,98
796575,1946,8,49,105
796575,1947,5,78,76
796575,1948,4,84,70
796575,1949,5,81,73
796575,1950,8,52,102
796575,1951,6,70,84
796575,1952,4,79,75
796575,1953,7,59,95
796575,1954,8,51,103
796575,1955,6,63,91
796575,1956,8,52,102
796575,1957,7,59,94
796575,1958,7,73,81
796575,1959,7,66,88
796575,1960,8,58,96
796575,1961,9,61,100
796575,1962,9,72,90
796575,1963,8,73,89
796575,1964,10,57,105
796575,1965,10,59,103
796575,1966,7,74,86
796575,1967,10,62,99
796575,1968,6,82,80
796575,1969,2,88,74
796575,1970,2,89,73
796575,1971,1,101,60
796575,1972,1,93,62
796575,1973,1,94,68
796575,1974,1,90,72
796575,1975,1,98,64
796575,1976,2,87,74
796575,1977,7,63,98
796575,1978,6,69,93
796575,1979,7,54,108
796575,1980,2,83,79
796575,1981,1,64,45
796575,1982,5,68,94
796575,1983,4,74,88
796575,1984,4,77,85
796575,1985,4,77,85
796575,1986,3,76,86
796575,1987,3,81,81
796575,1988,1,104,58
796575,1989,1,99,63
796575,1990,1,103,59
796575,1991,4,84,78
796575,1992,1,96,66
796575,1993,7,68,94
796575,1994,2,51,63
796575,1995,4,67,77
796575,1996,3,78,84
796575,1997,4,65,97
796575,1998,4,74,88
796575,1999,2,87,75
796575,2000,1,91,70
796575,2001,2,102,60
796575,2002,1,103,59
796575,2003,1,96,66
796575,2004,2,91,71
796575,2005,2,88,74
796575,2006,1,93,69
796575,2007,3,76,86
796575,2008,3,75,86
796575,2009,4,75,87
796575,2010,2,81,81
796575,2011,3,74,88
796575,2012,1,94,68
796575,2013,1,96,66
796575,2014,2,88,74
796575,2015,5,68,94
796575,2016,5,69,93
797689,1871,4,15,15
797689,1872,10,2,7
806666,1890,6,60,68
806683,1914,7,64,86
806683,1915,3,86,67
807265,1882,3,41,34
807265,1883,1,66,32
807265,1884,7,61,46
807265,1885,4,55,57
807265,1886,6,63,72
807265,1887,5,64,69
807265,1888,3,81,52
807265,1889,3,75,58
807265,1890,8,54,78
807273,1883,8,17,81
807273,1884,6,39,73
807273,1885,3,56,54
807273,1886,4,71,43
807273,1887,2,75,48
807273,1888,3,69,61
807273,1889,4,63,64
807273,1890,3,78,53
807273,1891,4,68,69
807273,1892,4,87,66
807273,1893,4,72,57
807273,1894,4,71,57
807273,1895,3,78,53
807273,1896,8,62,68
807273,1897,10,55,77
807273,1898,6,78,71
807273,1899,3,94,58
807273,1900,3,75,63
807273,1901,2,83,57
807273,1902,7,56,81
807273,1903,7,49,86
807273,1904,8,52,100
807273,1905,4,83,69
807273,1906,4,71,82
807273,1907,3,83,64
807273,1908,4,83,71
807273,1909,5,74,79
807273,1910,4,78,75
807273,1911,4,79,73
807273,1912,5,73,79
807273,1913,2,88,63
807273,1914,6,74,80
807273,1915,1,90,62
807273,1916,2,91,62
807273,1917,2,87,65
807273,1918,6,55,68
807273,1919,8,47,90
807273,1920,8,62,91
807273,1921,8,51,103
807273,1922,7,57,96
807273,1923,8,50,104
807273,1924,7,55,96
807273,1925,6,68,85
807273,1926,8,58,93
807273,1927,8,51,103
807273,1928,8,43,109
807273,1929,5,71,82
807273,1930,8,52,102
807273,1931,6,66,88
807273,1932,4,78,76
807273,1933,7,60,92
807273,1934,7,56,93
807273,1935,7,64,89
807273,1936,8,54,100
807273,1937,7,61,92
807273,1938,8,45,105
807273,1939,8,45,106
807273,1940,8,50,103
807273,1941,8,43,111
807273,1942,8,42,109
807273,1943,7,64,90
807273,1944,8,61,92
807273,1945,8,46,108
807273,1946,5,69,85
807273,1947,7,62,92
807273,1948,6,66,88
807273,1949,3,81,73
807273,1950,1,91,63
807273,1951,5,73,81
807273,1952,4,87,67
807273,1953,3,83,71
807273,1954,4,75,79
807273,1955,4,77,77
807273,1956,5,71,83
807273,1957,5,77,77
807273,1958,8,69,85
807273,1959,8,64,90
807273,1960,8,59,95
807273,1961,8,47,107
807273,1962,7,81,80
807273,1963,4,87,75
807273,1964,2,92,70
807273,1965,6,85,76
807273,1966,4,87,75
807273,1967,5,82,80
807273,1968,7,76,86
807273,1969,5,63,99
807273,1970,5,73,88
807273,1971,6,67,95
807273,1972,6,59,97
807273,1973,6,71,91
807273,1974,3,80,82
807273,1975,2,86,76
807273,1976,1,101,61
807273,1977,1,101,61
807273,1978,1,90,72
807273,1979,4,84,78
807273,1980,1,91,71
807273,1981,3,59,48
807273,1982,2,89,73
807273,1983,1,90,72
807273,1984,4,81,81
807273,1985,5,75,87
807273,1986,2,86,75
807273,1987,4,80,82
807273,1988,6,65,96
807273,1989,6,67,95
807273,1990,4,77,85
807273,1991,3,78,84
807273,1992,6,70,92
807273,1993,1,97,65
807273,1994,4,54,61
807273,1995,2,69,75
807273,1996,5,67,95
807273,1997,5,68,94
807273,1998,3,75,87
807273,1999,3,77,85
807273,2000,5,65,97
807273,2001,2,86,76
807273,2002,3,80,81
807273,2003,3,86,76
807273,2004,2,86,76
807273,2005,2,88,74
807273,2006,2,85,77
807273,2007,1,89,73
807273,2008,1,92,70
807273,2009,1,93,69
807273,2010,1,97,65
807273,2011,1,102,60
807273,2012,3,81,81
807273,2013,4,73,89
807273,2014,5,73,89
807273,2015,5,63,99
807273,2016,4,71,91
807275,1884,8,21,46
807281,1890,5,68,63
807281,1891,5,73,66
807384,1882,4,39,39
807384,1883,7,31,67
807384,1884,11,30,78
807384,1885,3,56,55
807384,1886,2,80,57
807384,1887,6,55,69
807384,1888,6,66,68
807384,1889,5,61,71
807384,1890,8,23,113
807384,1891,8,55,80
807384,1892,6,80,73
807384,1893,2,81,48
807384,1894,7,65,65
807384,1895,7,71,61
807384,1896,6,66,63
807384,1897,8,60,71
807384,1898,8,72,76
807384,1899,7,76,73
807384,1900,2,79,60
807384,1901,1,90,49
807384,1902,1,103,36
807384,1903,1,91,49
807384,1904,4,87,66
807384,1905,2,96,57
807384,1906,3,93,60
807384,1907,2,91,63
807384,1908,2,98,56
807384,1909,1,110,42
807384,1910,3,86,67
807384,1911,3,85,69
807384,1912,2,93,58
807384,1913,4,78,71
807384,1914,7,69,85
807384,1915,5,73,81
807384,1916,6,65,89
807384,1917,8,51,103
807384,1918,4,65,60
807384,1919,4,71,68
807384,1920,4,79,75
807384,1921,2,90,63
807384,1922,3,85,69
807384,1923,3,87,67
807384,1924,3,90,63
807384,1925,1,95,58
807384,1926,3,84,69
807384,1927,1,94,60
807384,1928,4,85,67
807384,1929,2,88,65
807384,1930,5,80,74
807384,1931,5,75,79
807384,1932,2,86,68
807384,1933,2,87,67
807384,1934,5,74,76
807384,1935,4,86,67
807384,1936,4,84,70
807384,1937,3,86,68
807384,1938,2,86,64
807384,1939,6,68,85
807384,1940,4,78,76
807384,1941,4,81,73
807384,1942,5,66,81
807384,1943,4,80,74
807384,1944,2,90,63
807384,1945,4,82,72
807384,1946,7,63,91
807384,1947,7,62,92
807384,1948,4,83,71
807384,1949,6,71,83
807384,1950,8,57,96
807384,1951,7,64,90
807384,1952,8,42,112
807384,1953,8,50,104
807384,1954,8,53,101
807384,1955,8,60,94
807384,1956,7,66,88
807384,1957,7,62,92
807384,1958,2,84,70
807384,1959,4,78,76
807384,1960,1,95,59
807384,1961,6,75,79
807384,1962,4,93,68
807384,1963,8,74,88
807384,1964,6,80,82
807384,1965,3,90,72
807384,1966,3,92,70
807384,1967,6,81,81
807384,1968,6,80,82
807384,1969,3,88,74
807384,1970,1,89,73
807384,1971,1,97,65
807384,1972,1,96,59
807384,1973,3,80,82
807384,1974,1,88,74
807384,1975,1,92,69
807384,1976,2,92,70
807384,1977,2,96,66
807384,1978,2,88,73
807384,1979,1,98,64
807384,1980,3,83,79
807384,1981,4,46,56
807384,1982,4,84,78
807384,1983,2,84,78
807384,1984,6,75,87
807384,1985,6,57,104
807384,1986,6,64,98
807384,1987,4,80,82
807384,1988,2,85,75
807384,1989,5,74,88
807384,1990,1,95,67
807384,1991,1,98,64
807384,1992,1,96,66
807384,1993,5,75,87
807384,1994,3,53,61
807384,1995,5,58,86
807384,1996,5,73,89
807384,1997,2,79,83
807384,1998,6,69,93
807384,1999,3,78,83
807384,2000,5,69,93
807384,2001,6,62,100
807384,2002,4,72,89
807384,2003,4,75,87
807384,2004,5,72,89
807384,2005,6,67,95
807384,2006,5,67,95
807384,2007,6,68,94
807384,2008,6,67,95
807384,2009,6,62,99
807384,2010,6,57,105
807384,2011,4,72,90
807384,2012,4,79,83
807384,2013,2,94,68
807384,2014,2,88,74
807384,2015,2,98,64
807384,2016,3,78,83
807865,1871,1,21,7
807865,1872,4,30,14
807865,1873,5,28,23
807865,1874,3,33,22
807865,1875,2,53,20
808279,1878,3,33,27
808279,1879,1,59,25
808279,1880,2,52,32
808279,1881,2,47,37
808279,1882,2,52,32
808279,1883,3,58,40
808279,1884,1,84,28
808279,1885,4,53,57
808783,1873,2,36,17
808783,1874,4,29,29
808783,1875,5,37,31
826983,1873,8,2,21
827367,1884,10,12,30
827967,1890,5,63,63
827975,1871,9,4,21
836683,1876,3,45,19
836683,1877,4,28,32
836880,1969,6,52,110
836880,1970,6,63,99
836880,1971,6,61,100
836880,1972,6,58,95
836880,1973,6,60,102
836880,1974,6,60,102
836880,1975,4,71,91
836880,1976,5,73,89
836880,1977,5,69,93
836880,1978,4,84,78
836880,1979,5,68,93
836880,1980,6,73,89
836880,1981,6,41,69
836880,1982,4,81,81
836880,1983,4,81,81
836880,1984,1,92,70
836880,1985,3,83,79
836880,1986,4,74,88
836880,1987,6,65,97
836880,1988,3,83,78
836880,1989,2,89,73
836880,1990,4,75,87
836880,1991,3,84,78
836880,1992,3,82,80
836880,1993,7,61,101
836880,1994,4,47,70
836880,1995,3,70,74
836880,1996,1,91,71
836880,1997,4,76,86
836880,1998,1,98,64
836880,1999,4,74,88
836880,2000,5,76,86
836880,2001,4,79,83
836880,2002,5,66,96
836880,2003,5,64,98
836880,2004,3,87,75
836880,2005,1,82,80
836880,2006,1,88,74
836880,2007,3,89,74
836880,2008,5,63,99
836880,2009,4,75,87
836880,2010,2,90,72
836880,2011,5,71,91
836880,2012,4,76,86
836880,2013,3,76,86
836880,2014,3,77,85
836880,2015,4,74,88
836880,2016,5,68,94
836965,1977,6,64,98
836965,1978,7,56,104
836965,1979,6,67,95
836965,1980,7,59,103
836965,1981,6,44,65
836965,1982,4,76,86
836965,1983,7,60,102
836965,1984,5,74,88
836965,1985,6,74,88
836965,1986,7,67,95
836965,1987,4,78,84
836965,1988,7,68,93
836965,1989,6,73,89
836965,1990,5,77,85
836965,1991,5,83,79
836965,1992,7,64,98
836965,1993,4,82,80
836965,1994,3,49,63
836965,1995,1,79,66
836965,1996,2,85,76
836965,1997,1,90,72
836965,1998,3,76,85
836965,1999,3,79,83
836965,2000,2,91,71
836965,2001,1,116,46
836965,2002,3,93,69
836965,2003,2,93,69
836965,2004,4,63,99
836965,2005,4,69,93
836965,2006,4,78,84
836965,2007,2,88,74
836965,2008,4,61,101
836965,2009,3,85,77
836965,2010,4,61,101
836965,2011,4,67,95
836965,2012,4,75,87
836965,2013,4,71,91
836965,2014,3,87,75
836965,2015,4,76,86
836965,2016,2,86,76
837071,1883,6,46,50
837071,1884,4,62,50
837071,1885,2,85,27
837071,1886,3,75,44
837071,1887,4,68,55
837071,1888,1,84,47
837071,1889,1,83,43
837071,1890,6,63,68
837071,1891,3,71,61
837071,1892,8,71,80
837071,1893,5,68,64
837071,1894,2,88,44
837071,1895,9,66,65
837071,1896,7,64,67
837071,1897,3,83,48
837071,1898,7,77,73
837071,1899,10,60,90
837071,1900,8,60,78
837071,1901,7,52,85
837071,1902,8,48,88
837071,1903,2,84,55
837071,1904,1,106,47
837071,1905,1,105,48
837071,1906,2,96,56
837071,1907,4,82,71
837071,1908,2,98,56
837071,1909,3,92,61
837071,1910,2,91,63
837071,1911,1,99,54
837071,1912,1,103,48
837071,1913,1,101,51
837071,1914,2,84,70
837071,1915,8,69,83
837071,1916,4,86,66
837071,1917,1,98,56
837071,1918,2,71,53
837071,1919,2,87,53
837071,1920,2,86,68
837071,1921,1,94,59
837071,1922,1,93,61
837071,1923,1,95,58
837071,1924,1,93,60
837071,1925,2,86,66
837071,1926,5,74,77
837071,1927,3,92,62
837071,1928,2,93,61
837071,1929,3,84,67
837071,1930,3,87,67
837071,1931,2,87,65
837071,1932,6,72,82
837071,1933,1,91,61
837071,1934,2,93,60
837071,1935,3,91,62
837071,1936,1,92,62
837071,1937,1,95,57
837071,1938,3,83,67
837071,1939,5,77,74
837071,1940,6,72,80
837071,1941,5,74,79
837071,1942,3,85,67
837071,1943,8,55,98
837071,1944,5,67,87
837071,1945,5,78,74
837071,1946,8,61,93
837071,1947,4,81,73
837071,1948,5,78,76
837071,1949,5,73,81
837071,1950,3,86,68
837071,1951,1,98,59
837071,1952,2,92,62
837071,1953,5,70,84
837071,1954,1,97,57
837071,1955,3,80,74
837071,1956,6,67,87
837071,1957,6,69,85
837071,1958,3,80,74
837071,1959,3,83,71
837071,1960,5,79,75
837071,1961,3,85,69
837071,1962,1,103,62
837071,1963,3,88,74
837071,1964,4,90,72
837071,1965,2,95,67
837071,1966,2,93,68
837071,1967,2,91,71
837071,1968,2,88,74
837071,1969,2,90,72
837071,1970,3,86,76
837071,1971,1,90,72
837071,1972,5,69,86
837071,1973,3,88,74
837071,1974,5,72,90
837071,1975,3,80,81
837071,1976,4,74,88
837071,1977,4,75,87
837071,1978,3,89,73
837071,1979,4,71,91
837071,1980,5,75,86
837071,1981,4,56,55
837071,1982,3,87,75
837071,1983,5,79,83
837071,1984,6,66,96
837071,1985,6,62,100
837071,1986,3,83,79
837071,1987,1,90,72
837071,1988,4,83,79
837071,1989,1,92,70
837071,1990,3,85,77
837071,1991,4,75,87
837071,1992,5,72,90
837071,1993,2,103,59
837071,1994,2,55,60
837071,1995,4,67,77
837071,1996,4,68,94
837071,1997,1,90,72
837071,1998,2,89,74
837071,1999,2,86,76
837071,2000,1,97,65
837071,2001,2,90,72
837071,2002,2,95,66
837071,2003,1,100,61
837071,2004,2,91,71
837071,2005,3,75,87
837071,2006,3,76,85
837071,2007,5,71,91
837071,2008,4,72,90
837071,2009,3,88,74
837071,2010,1,92,70
837071,2011,2,86,76
837071,2012,1,94,68
837071,2013,4,76,86
837071,2014,2,88,74
837071,2015,2,84,78
837071,2016,2,87,75
837673,1914,8,62,89
837673,1915,1,87,67
837677,1884,1,94,19
837677,1885,8,36,72
837677,1886,6,43,79
837682,1875,10,4,15
837865,1875,4,39,29
838476,1882,5,37,43
838476,1883,2,65,33
838476,1884,4,67,40
838476,1885,1,79,33
838476,1886,1,93,46
838476,1887,1,95,40
838476,1888,1,92,43
838476,1889,2,90,45
838476,1890,3,78,58
838476,1891,2,85,51
838476,1892,11,56,94
838476,1893,10,57,75
838476,1894,9,56,76
838476,1895,11,39,92
838476,1896,11,40,90
838476,1897,12,29,102
838476,1898,12,39,111
838476,1899,5,84,67
838476,1900,5,65,75
838476,1901,4,76,64
838476,1902,6,56,78
838476,1903,8,43,94
838476,1904,5,75,79
838476,1905,6,58,96
838476,1906,7,52,98
838476,1907,8,52,101
838476,1908,8,49,105
838476,1909,7,54,98
838476,1910,7,63,90
838476,1911,5,75,74
838476,1912,6,63,90
838476,1913,8,51,99
838476,1914,3,81,72
838476,1915,6,72,81
838476,1916,7,60,93
838476,1917,3,82,70
838476,1918,8,51,78
838476,1919,7,54,83
838476,1920,5,75,79
838476,1921,3,87,66
838476,1922,3,85,69
838476,1923,5,79,74
838476,1924,6,65,89
838476,1925,4,77,76
838476,1926,1,89,65
838476,1927,2,92,61
838476,1928,1,95,59
838476,1929,4,78,74
838476,1930,1,92,62
838476,1931,1,101,53
838476,1932,6,72,82
838476,1933,5,82,71
838476,1934,1,95,58
838476,1935,2,96,58
838476,1936,2,87,67
838476,1937,4,81,73
838476,1938,6,71,80
838476,1939,2,92,61
838476,1940,3,84,69
838476,1941,2,97,56
838476,1942,1,106,48
838476,1943,1,105,49
838476,1944,1,105,49
838476,1945,2,95,59
838476,1946,1,98,58
838476,1947,2,89,65
838476,1948,2,85,69
838476,1949,2,96,58
838476,1950,5,78,75
838476,1951,3,81,73
838476,1952,3,88,66
838476,1953,3,83,71
838476,1954,6,72,82
838476,1955,7,68,86
838476,1956,4,76,78
838476,1957,2,87,67
838476,1958,5,72,82
838476,1959,7,71,83
838476,1960,3,86,68
838476,1961,5,80,74
838476,1962,6,84,78
838476,1963,2,93,69
838476,1964,1,93,69
838476,1965,7,80,81
838476,1966,6,83,79
838476,1967,1,101,60
838476,1968,1,97,65
838476,1969,4,87,75
838476,1970,4,76,86
838476,1971,2,90,72
838476,1972,4,75,81
838476,1973,2,81,81
838476,1974,2,86,75
838476,1975,3,82,80
838476,1976,5,72,90
838476,1977,3,83,79
838476,1978,5,69,93
838476,1979,3,86,76
838476,1980,4,74,88
838476,1981,1,59,43
838476,1982,1,92,70
838476,1983,4,79,83
838476,1984,3,84,78
838476,1985,1,101,61
838476,1986,3,79,82
838476,1987,1,95,67
838476,1988,5,76,86
838476,1989,3,86,76
838476,1990,6,70,92
838476,1991,2,84,78
838476,1992,3,83,79
838476,1993,3,87,75
838476,1994,3,53,61
838476,1995,4,62,81
838476,1996,1,88,74
838476,1997,4,73,89
838476,1998,3,83,79
838476,1999,4,75,86
838476,2000,1,95,67
838476,2001,2,93,69
838476,2002,1,97,65
838476,2003,3,85,77
838476,2004,1,105,57
838476,2005,1,100,62
838476,2006,1,83,78
838476,2007,3,78,84
838476,2008,4,86,76
838476,2009,1,91,71
838476,2010,2,86,76
838476,2011,2,90,72
838476,2012,2,88,74
838476,2013,1,97,65
838476,2014,1,90,72
838476,2015,1,100,62
838476,2016,2,86,76
838480,1884,9,2,6
838982,1879,7,22,48
838983,1890,7,55,72
846668,1998,5,63,99
846668,1999,5,69,93
846668,2000,5,69,92
846668,2001,5,62,100
846668,2002,5,55,106
846668,2003,5,63,99
846668,2004,4,70,91
846668,2005,5,67,95
846668,2006,5,61,101
846668,2007,5,66,96
846668,2008,1,97,65
846668,2009,3,84,78
846668,2010,1,96,66
846668,2011,2,91,71
846668,2012,3,90,72
846668,2013,2,92,71
846668,2014,4,77,85
846668,2015,4,80,82
846668,2016,5,68,94
846988,1961,9,61,100
846988,1962,10,60,101
846988,1963,10,56,106
846988,1964,9,62,100
846988,1965,8,70,92
846988,1966,8,71,88
846988,1967,6,76,85
846988,1968,10,65,96
846988,1969,4,86,76
846988,1970,6,70,92
846988,1971,5,63,96
846988,1972,6,54,100
846988,1973,6,57,105
846988,1974,2,84,76
846988,1975,3,79,83
846988,1976,4,76,86
846988,1977,2,94,68
846988,1978,2,87,75
846988,1979,3,83,79
846988,1980,4,76,85
846988,1981,2,57,48
846988,1982,6,64,98
846988,1983,3,77,85
846988,1984,7,69,92
846988,1985,7,62,99
846988,1986,2,87,75
846988,1987,6,75,87
846988,1988,6,70,91
846988,1989,4,83,79
846988,1990,3,83,79
846988,1991,3,85,77
846988,1992,4,77,85
846988,1993,2,86,76
846988,1994,1,52,62
846988,1995,3,74,70
846988,1996,1,90,72
846988,1997,3,77,85
846988,1998,1,88,74
846988,1999,1,95,67
846988,2000,4,71,91
846988,2001,4,73,89
846988,2002,4,72,90
846988,2003,4,71,91
846988,2004,3,89,73
846988,2005,3,79,83
846988,2006,3,80,82
846988,2007,4,75,87
846988,2008,2,79,83
846988,2009,2,87,75
846988,2010,1,90,72
846988,2011,1,96,66
846988,2012,2,93,69
846988,2013,2,91,72
846988,2014,5,67,95
846988,2015,1,88,74
846988,2016,1,95,67
847677,1890,4,68,64
847976,1884,8,46,58
847982,1977,7,54,107
847982,1978,7,59,102
847982,1979,7,53,109
847982,1980,7,67,95
847982,1981,7,37,69
847982,1982,6,78,84
847982,1983,4,89,73
847982,1984,2,89,73
847982,1985,1,99,62
847982,1986,4,86,76
847982,1987,2,96,66
847982,1988,3,87,75
847982,1989,1,89,73
847982,1990,2,86,76
847982,1991,1,91,71
847982,1992,1,96,66
847982,1993,1,95,67
847982,1994,3,55,60
847982,1995,5,56,88
847982,1996,4,74,88
847982,1997,5,76,86
847982,1998,3,88,74
847982,1999,3,84,78
847982,2000,3,83,79
847982,2001,3,80,82
847982,2002,3,78,84
847982,2003,3,86,76
847982,2004,5,67,94
847982,2005,3,80,82
847982,2006,2,87,75
847982,2007,3,83,79
847982,2008,4,86,76
847982,2009,4,75,87
847982,2010,4,85,77
847982,2011,4,81,81
847982,2012,4,73,89
847982,2013,5,74,88
847982,2014,3,83,79
847982,2015,1,93,69
847982,2016,2,89,73
848279,1871,6,13,15
848279,1872,5,15,10
848284,1879,8,19,56
848284,1880,4,41,42
848284,1881,5,39,45
848284,1882,7,35,48
876583,1891,9,44,91
876583,1892,10,58,93
876583,1893,12,40,89
876583,1894,11,45,87
876583,1895,10,43,85
876583,1896,9,58,73
876583,1897,6,61,71
876583,1898,11,51,101
876583,1899,11,54,98
876676,1873,7,8,31
876983,1875,13,1,12
877376,1884,12,2,16
877865,1884,7,47,65
877876,1886,8,28,92
877876,1887,7,46,76
877876,1888,8,48,86
877876,1889,8,41,83
877884,1875,9,5,23
877982,1880,5,40,43
877982,1881,8,32,50
877982,1882,8,18,66
878378,1969,6,52,110
878378,1970,6,73,89
878378,1971,5,71,90
878378,1972,5,70,86
878378,1973,4,79,83
878378,1974,4,79,82
878378,1975,5,75,87
878378,1976,6,55,107
878378,1977,5,75,87
878378,1978,4,76,86
878378,1979,2,95,65
878378,1980,2,90,72
878378,1981,2,60,48
878378,1982,3,86,76
878378,1983,3,82,80
878378,1984,5,78,83
878378,1985,3,84,77
878378,1986,4,78,83
878378,1987,3,91,71
878378,1988,3,81,81
878378,1989,4,81,81
878378,1990,3,85,77
878378,1991,6,71,90
878378,1992,2,87,75
878378,1993,2,94,68
878378,1994,1,74,40
878378,1995,5,66,78
878378,1996,2,88,74
878378,1997,4,78,84
878378,1998,4,65,97
878378,1999,4,68,94
878378,2000,4,67,95
878378,2001,5,68,94
878378,2002,2,83,79
878378,2003,4,83,79
878378,2004,5,67,95
878378,2005,5,81,81
878378,2006,5,71,91
878378,2007,4,73,89
878378,2008,5,59,102
878378,2009,5,59,103
878378,2010,5,69,93
878378,2011,3,80,81
878378,2012,1,98,64
878378,2013,2,86,76
878378,2014,1,96,66
878378,2015,2,83,79
878378,2016,1,95,67
878384,1884,13,12,51
